year;Process;currency;source;cap-lo;cap-up;max-grad;min-fraction;inv-cost;fix-cost;var-cost;start-cost;wacc;depreciation;lifetime;reliability;cap-credit;area-per-cap;act-up;act-lo;on-off;reserve-cost;ru;rd;rumax;rdmax;detail;lambda;heatmax;maxdeltaT;heatupcost;su;sd;pdt;hotstart;pot;pretemp;preheat;prestate;prepow;precaponline;year_mu;year_stdev
2013;Bioenergy;EUR;ETRI 2014 p.70;0;0;1,2;0;2890000;63580;3,5;0;0,07;25;25;0,925;1;0;1;0;1;0;0,05;0,05;1;1;1;0;1;1;0;1;1;0;0;0;1;0;1;0;0;2010;0,2
2020;Bioenergy;EUR;ETRI 2014 p.70;0;0;1,2;0;2620000;57640;3,5;0;0,07;25;25;0,925;1;0;1;0;1;0;0,05;0,05;1;1;1;0;1;1;0;1;1;0;0;0;1;0;1;0;0;2010;0,2
2030;Bioenergy;EUR;ETRI 2014 p.70;0;0;1,2;0;2370000;52140;3,5;0;0,07;25;25;0,925;1;0;1;0;1;0;0,05;0,05;1;1;1;0;1;1;0;1;1;0;0;0;1;0;1;0;0;2010;0,2
2040;Bioenergy;EUR;ETRI 2014 p.70;0;0;1,2;0;2150000;47300;3,5;0;0,07;25;25;0,925;1;0;1;0;1;0;0,05;0,05;1;1;1;0;1;1;0;1;1;0;0;0;1;0;1;0;0;2010;0,2
2050;Bioenergy;EUR;ETRI 2014 p.70;0;0;1,2;0;1950000;42900;3,5;0;0,07;25;25;0,925;1;0;1;0;1;0;0,05;0,05;1;1;1;0;1;1;0;1;1;0;0;0;1;0;1;0;0;2010;0,2
2016;Bioenergy;EUR;lin interpolation of ETRI 2014 p.70;0;0;1,2;0;2774286;61034;3,5;0;0,07;25;25;0,925;1;0;1;0;1;0;0,05;0,05;1;1;1;0;1;1;0;1;1;0;0;0;1;0;1;0;0;2010;0,2
2025;Bioenergy;EUR;lin interpolation of ETRI 2014 p.70;0;0;1,2;0;2495000;54890;3,5;0;0,07;25;25;0,925;1;0;1;0;1;0;0,05;0,05;1;1;1;0;1;1;0;1;1;0;0;0;1;0;1;0;0;2010;0,2
2035;Bioenergy;EUR;lin interpolation of ETRI 2014 p.70;0;0;1,2;0;2260000;49720;3,5;0;0,07;25;25;0,925;1;0;1;0;1;0;0,05;0,05;1;1;1;0;1;1;0;1;1;0;0;0;1;0;1;0;0;2010;0,2
2037;Bioenergy;EUR;lin interpolation of ETRI 2014 p.70;0;0;1,2;0;2216000;48752;3,5;0;0,07;25;25;0,925;1;0;1;0;1;0;0,05;0,05;1;1;1;0;1;1;0;1;1;0;0;0;1;0;1;0;0;2010;0,2
2013;Coal;EUR;ETRI 2014 p.42;0;0;0,6;0;1600000;40000;3,6;0;0,07;40;40;0,925;1;0;1;0,4;1;0;0,03;0,03;1;1;5;0,06;0,15;1;110;0,5;0,5;0;0;0;1;0;1;0;0;2010;0,2
2020;Coal;EUR;ETRI 2014 p.42;0;0;0,6;0;1600000;40000;3,6;0;0,07;40;40;0,925;1;0;1;0,4;1;0;0,03;0,03;1;1;5;0,06;0,15;1;110;0,5;0,5;0;0;0;1;0;1;0;0;2010;0,2
2030;Coal;EUR;ETRI 2014 p.42;0;0;0,6;0;1600000;40000;3,6;0;0,07;40;40;0,925;1;0;1;0,4;1;0;0,03;0,03;1;1;5;0,06;0,15;1;110;0,5;0,5;0;0;0;1;0;1;0;0;2010;0,2
2040;Coal;EUR;ETRI 2014 p.42;0;0;0,6;0;1600000;40000;3,6;0;0,07;40;40;0,925;1;0;1;0,4;1;0;0,03;0,03;1;1;5;0,06;0,15;1;110;0,5;0,5;0;0;0;1;0;1;0;0;2010;0,2
2050;Coal;EUR;ETRI 2014 p.42;0;0;0,6;0;1600000;40000;3,6;0;0,07;40;40;0,925;1;0;1;0,4;1;0;0,03;0,03;1;1;5;0,06;0,15;1;110;0,5;0,5;0;0;0;1;0;1;0;0;2010;0,2
2016;Coal;EUR;lin interpolation of ETRI 2014 p.42;0;0;0,6;0;1600000;40000;3,6;0;0,07;40;40;0,925;1;0;1;0,4;1;0;0,03;0,03;1;1;5;0,06;0,15;1;110;0,5;0,5;0;0;0;1;0;1;0;0;2010;0,2
2025;Coal;EUR;lin interpolation of ETRI 2014 p.43;0;0;0,6;0;1600000;40000;3,6;0;0,07;40;40;0,925;1;0;1;0,4;1;0;0,03;0,03;1;1;5;0,06;0,15;1;110;0,5;0,5;0;0;0;1;0;1;0;0;2010;0,2
2035;Coal;EUR;lin interpolation of ETRI 2014 p.44;0;0;0,6;0;1600000;40000;3,6;0;0,07;40;40;0,925;1;0;1;0,4;1;0;0,03;0,03;1;1;5;0,06;0,15;1;110;0,5;0,5;0;0;0;1;0;1;0;0;2010;0,2
2037;Coal;EUR;lin interpolation of ETRI 2014 p.45;0;0;0,6;0;1600000;40000;3,6;0;0,07;40;40;0,925;1;0;1;0,4;1;0;0,03;0,03;1;1;5;0,06;0,15;1;110;0,5;0,5;0;0;0;1;0;1;0;0;2010;0,2
2013;Gas_CC;EUR;ETRI 2014 p.40;0;0;4,8;0;850000;21250;2;0;0,07;30;30;0,925;1;0;1;0,3;1;0;0,05;0,05;1;1;5;0,1;0,2;1;60;0,5;0,5;0;0;0;1;0;1;0;0;2010;0,2
2020;Gas_CC;EUR;ETRI 2014 p.40;0;0;4,8;0;850000;21250;2;0;0,07;30;30;0,925;1;0;1;0,3;1;0;0,05;0,05;1;1;5;0,1;0,2;1;60;0,5;0,5;0;0;0;1;0;1;0;0;2010;0,2
2030;Gas_CC;EUR;ETRI 2014 p.40;0;0;4,8;0;850000;21250;2;0;0,07;30;30;0,925;1;0;1;0,3;1;0;0,05;0,05;1;1;5;0,1;0,2;1;60;0,5;0,5;0;0;0;1;0;1;0;0;2010;0,2
2040;Gas_CC;EUR;ETRI 2014 p.40;0;0;4,8;0;850000;21250;2;0;0,07;30;30;0,925;1;0;1;0,3;1;0;0,05;0,05;1;1;5;0,1;0,2;1;60;0,5;0,5;0;0;0;1;0;1;0;0;2010;0,2
2050;Gas_CC;EUR;ETRI 2014 p.40;0;0;4,8;0;850000;21250;2;0;0,07;30;30;0,925;1;0;1;0,3;1;0;0,05;0,05;1;1;5;0,1;0,2;1;60;0,5;0,5;0;0;0;1;0;1;0;0;2010;0,2
2016;Gas_CC;EUR;ETRI 2014 p.40;0;0;4,8;0;850000;21250;2;0;0,07;30;30;0,925;1;0;1;0,3;1;0;0,05;0,05;1;1;5;0,1;0,2;1;60;0,5;0,5;0;0;0;1;0;1;0;0;2010;0,2
2025;Gas_CC;EUR;ETRI 2014 p.40;0;0;4,8;0;850000;21250;2;0;0,07;30;30;0,925;1;0;1;0,3;1;0;0,05;0,05;1;1;5;0,1;0,2;1;60;0,5;0,5;0;0;0;1;0;1;0;0;2010;0,2
2035;Gas_CC;EUR;ETRI 2014 p.40;0;0;4,8;0;850000;21250;2;0;0,07;30;30;0,925;1;0;1;0,3;1;0;0,05;0,05;1;1;5;0,1;0,2;1;60;0,5;0,5;0;0;0;1;0;1;0;0;2010;0,2
2037;Gas_CC;EUR;ETRI 2014 p.40;0;0;4,8;0;850000;21250;2;0;0,07;30;30;0,925;1;0;1;0,3;1;0;0,05;0,05;1;1;5;0,1;0,2;1;60;0,5;0,5;0;0;0;1;0;1;0;0;2010;0,2
2013;Gas_GT;EUR;ETRI 2014 p.39;0;0;4,8;0;550000;16500;11;0;0,07;30;30;0,925;1;0;1;0,3;1;0;0,05;0,05;1;1;5;0,1;0,2;1;60;0,5;0,5;0;0;0;1;0;1;0;0;2010;0,2
2020;Gas_GT;EUR;ETRI 2014 p.39;0;0;4,8;0;550000;16500;11;0;0,07;30;30;0,925;1;0;1;0,3;1;0;0,05;0,05;1;1;5;0,1;0,2;1;60;0,5;0,5;0;0;0;1;0;1;0;0;2010;0,2
2030;Gas_GT;EUR;ETRI 2014 p.39;0;0;4,8;0;550000;16500;11;0;0,07;30;30;0,925;1;0;1;0,3;1;0;0,05;0,05;1;1;5;0,1;0,2;1;60;0,5;0,5;0;0;0;1;0;1;0;0;2010;0,2
2040;Gas_GT;EUR;ETRI 2014 p.39;0;0;4,8;0;550000;16500;11;0;0,07;30;30;0,925;1;0;1;0,3;1;0;0,05;0,05;1;1;5;0,1;0,2;1;60;0,5;0,5;0;0;0;1;0;1;0;0;2010;0,2
2050;Gas_GT;EUR;ETRI 2014 p.39;0;0;4,8;0;550000;16500;11;0;0,07;30;30;0,925;1;0;1;0,3;1;0;0,05;0,05;1;1;5;0,1;0,2;1;60;0,5;0,5;0;0;0;1;0;1;0;0;2010;0,2
2016;Gas_GT;EUR;ETRI 2014 p.39;0;0;4,8;0;550000;16500;11;0;0,07;30;30;0,925;1;0;1;0,3;1;0;0,05;0,05;1;1;5;0,1;0,2;1;60;0,5;0,5;0;0;0;1;0;1;0;0;2010;0,2
2025;Gas_GT;EUR;ETRI 2014 p.39;0;0;4,8;0;550000;16500;11;0;0,07;30;30;0,925;1;0;1;0,3;1;0;0,05;0,05;1;1;5;0,1;0,2;1;60;0,5;0,5;0;0;0;1;0;1;0;0;2010;0,2
2035;Gas_GT;EUR;ETRI 2014 p.39;0;0;4,8;0;550000;16500;11;0;0,07;30;30;0,925;1;0;1;0,3;1;0;0,05;0,05;1;1;5;0,1;0,2;1;60;0,5;0,5;0;0;0;1;0;1;0;0;2010;0,2
2037;Gas_GT;EUR;ETRI 2014 p.39;0;0;4,8;0;550000;16500;11;0;0,07;30;30;0,925;1;0;1;0,3;1;0;0,05;0,05;1;1;5;0,1;0,2;1;60;0,5;0,5;0;0;0;1;0;1;0;0;2010;0,2
2013;Gas_IC;EUR;Average of Gas_CC and Gas_GT;0;0;4,8;0;700000;18875;6,5;0;0,07;30;30;0,925;1;0;1;0,3;1;0;0,05;0,05;1;1;5;0,1;0,2;1;60;0,5;0,5;0;0;0;1;0;1;0;0;2010;0,2
2020;Gas_IC;EUR;Average of Gas_CC and Gas_GT;0;0;4,8;0;700000;18875;6,5;0;0,07;30;30;0,925;1;0;1;0,3;1;0;0,05;0,05;1;1;5;0,1;0,2;1;60;0,5;0,5;0;0;0;1;0;1;0;0;2010;0,2
2030;Gas_IC;EUR;Average of Gas_CC and Gas_GT;0;0;4,8;0;700000;18875;6,5;0;0,07;30;30;0,925;1;0;1;0,3;1;0;0,05;0,05;1;1;5;0,1;0,2;1;60;0,5;0,5;0;0;0;1;0;1;0;0;2010;0,2
2040;Gas_IC;EUR;Average of Gas_CC and Gas_GT;0;0;4,8;0;700000;18875;6,5;0;0,07;30;30;0,925;1;0;1;0,3;1;0;0,05;0,05;1;1;5;0,1;0,2;1;60;0,5;0,5;0;0;0;1;0;1;0;0;2010;0,2
2050;Gas_IC;EUR;Average of Gas_CC and Gas_GT;0;0;4,8;0;700000;18875;6,5;0;0,07;30;30;0,925;1;0;1;0,3;1;0;0,05;0,05;1;1;5;0,1;0,2;1;60;0,5;0,5;0;0;0;1;0;1;0;0;2010;0,2
2016;Gas_IC;EUR;Average of Gas_CC and Gas_GT;0;0;4,8;0;700000;18875;6,5;0;0,07;30;30;0,925;1;0;1;0,3;1;0;0,05;0,05;1;1;5;0,1;0,2;1;60;0,5;0,5;0;0;0;1;0;1;0;0;2010;0,2
2025;Gas_IC;EUR;Average of Gas_CC and Gas_GT;0;0;4,8;0;700000;18875;6,5;0;0,07;30;30;0,925;1;0;1;0,3;1;0;0,05;0,05;1;1;5;0,1;0,2;1;60;0,5;0,5;0;0;0;1;0;1;0;0;2010;0,2
2035;Gas_IC;EUR;Average of Gas_CC and Gas_GT;0;0;4,8;0;700000;18875;6,5;0;0,07;30;30;0,925;1;0;1;0,3;1;0;0,05;0,05;1;1;5;0,1;0,2;1;60;0,5;0,5;0;0;0;1;0;1;0;0;2010;0,2
2037;Gas_IC;EUR;Average of Gas_CC and Gas_GT;0;0;4,8;0;700000;18875;6,5;0;0,07;30;30;0,925;1;0;1;0,3;1;0;0,05;0,05;1;1;5;0,1;0,2;1;60;0,5;0,5;0;0;0;1;0;1;0;0;2010;0,2
2013;Gas_ST;EUR;ETRI 2014 p.38;0;0;4,8;0;770000;7700;13;0;0,07;30;30;0,925;1;0;1;0,3;1;0;0,05;0,05;1;1;5;0,1;0,2;1;60;0,5;0,5;0;0;0;1;0;1;0;0;2010;0,2
2020;Gas_ST;EUR;ETRI 2014 p.38;0;0;4,8;0;770000;7700;13;0;0,07;30;30;0,925;1;0;1;0,3;1;0;0,05;0,05;1;1;5;0,1;0,2;1;60;0,5;0,5;0;0;0;1;0;1;0;0;2010;0,2
2030;Gas_ST;EUR;ETRI 2014 p.38;0;0;4,8;0;770000;7700;13;0;0,07;30;30;0,925;1;0;1;0,3;1;0;0,05;0,05;1;1;5;0,1;0,2;1;60;0,5;0,5;0;0;0;1;0;1;0;0;2010;0,2
2040;Gas_ST;EUR;ETRI 2014 p.38;0;0;4,8;0;770000;7700;13;0;0,07;30;30;0,925;1;0;1;0,3;1;0;0,05;0,05;1;1;5;0,1;0,2;1;60;0,5;0,5;0;0;0;1;0;1;0;0;2010;0,2
2050;Gas_ST;EUR;ETRI 2014 p.38;0;0;4,8;0;770000;7700;13;0;0,07;30;30;0,925;1;0;1;0,3;1;0;0,05;0,05;1;1;5;0,1;0,2;1;60;0,5;0,5;0;0;0;1;0;1;0;0;2010;0,2
2016;Gas_ST;EUR;ETRI 2014 p.38;0;0;4,8;0;770000;7700;13;0;0,07;30;30;0,925;1;0;1;0,3;1;0;0,05;0,05;1;1;5;0,1;0,2;1;60;0,5;0,5;0;0;0;1;0;1;0;0;2010;0,2
2025;Gas_ST;EUR;ETRI 2014 p.38;0;0;4,8;0;770000;7700;13;0;0,07;30;30;0,925;1;0;1;0,3;1;0;0,05;0,05;1;1;5;0,1;0,2;1;60;0,5;0,5;0;0;0;1;0;1;0;0;2010;0,2
2035;Gas_ST;EUR;ETRI 2014 p.38;0;0;4,8;0;770000;7700;13;0;0,07;30;30;0,925;1;0;1;0,3;1;0;0,05;0,05;1;1;5;0,1;0,2;1;60;0,5;0,5;0;0;0;1;0;1;0;0;2010;0,2
2037;Gas_ST;EUR;ETRI 2014 p.38;0;0;4,8;0;770000;7700;13;0;0,07;30;30;0,925;1;0;1;0,3;1;0;0,05;0,05;1;1;5;0,1;0,2;1;60;0,5;0,5;0;0;0;1;0;1;0;0;2010;0,2
2013;Hydro;USD;LCOE report ASEAN 2019 p. 49-51;0;0;inf;0;1793000;30302;0;0;0,07;60;60;0,925;1;0;1;0;0;0;1;1;1;1;1;0;1;1;0;1;1;0;0;0;1;0;1;0;0;2009;0,1
2020;Hydro;USD;repeated LCOE report ASEAN 2019 p. 49-51;0;0;inf;0;1793000;30302;1;0;0,07;60;60;0,925;1;0;1;0;0;0;1;1;1;1;1;0;1;1;0;1;1;0;0;0;1;0;1;0;0;2009;0,1
2030;Hydro;USD;repeated LCOE report ASEAN 2019 p. 49-51;0;0;inf;0;1793000;30302;2;0;0,07;60;60;0,925;1;0;1;0;0;0;1;1;1;1;1;0;1;1;0;1;1;0;0;0;1;0;1;0;0;2009;0,1
2040;Hydro;USD;repeated LCOE report ASEAN 2019 p. 49-51;0;0;inf;0;1793000;30302;3;0;0,07;60;60;0,925;1;0;1;0;0;0;1;1;1;1;1;0;1;1;0;1;1;0;0;0;1;0;1;0;0;2009;0,1
2050;Hydro;USD;repeated LCOE report ASEAN 2019 p. 49-51;0;0;inf;0;1793000;30302;4;0;0,07;60;60;0,925;1;0;1;0;0;0;1;1;1;1;1;0;1;1;0;1;1;0;0;0;1;0;1;0;0;2009;0,1
2016;Hydro;USD;repeated LCOE report ASEAN 2019 p. 49-51;0;0;inf;0;1793000;30302;5;0;0,07;60;60;0,925;1;0;1;0;0;0;1;1;1;1;1;0;1;1;0;1;1;0;0;0;1;0;1;0;0;2009;0,1
2025;Hydro;USD;repeated LCOE report ASEAN 2019 p. 49-51;0;0;inf;0;1793000;30302;6;0;0,07;60;60;0,925;1;0;1;0;0;0;1;1;1;1;1;0;1;1;0;1;1;0;0;0;1;0;1;0;0;2009;0,1
2035;Hydro;USD;repeated LCOE report ASEAN 2019 p. 49-51;0;0;inf;0;1793000;30302;7;0;0,07;60;60;0,925;1;0;1;0;0;0;1;1;1;1;1;0;1;1;0;1;1;0;0;0;1;0;1;0;0;2009;0,1
2037;Hydro;USD;repeated LCOE report ASEAN 2019 p. 49-51;0;0;inf;0;1793000;30302;8;0;0,07;60;60;0,925;1;0;1;0;0;0;1;1;1;1;1;0;1;1;0;1;1;0;0;0;1;0;1;0;0;2009;0,1
2013;Oil_GT;EUR;Like Gas_GT;0;0;3;0;550000;16500;11;0;0,07;30;30;0,925;1;0;1;0,3;1;0;0,05;0,05;1;1;5;0,1;0,2;1;60;0,5;0,5;0;0;0;1;0;1;0;0;2010;0,2
2020;Oil_GT;EUR;Like Gas_GT;0;0;3;0;550000;16500;11;0;0,07;30;30;0,925;1;0;1;0,3;1;0;0,05;0,05;1;1;5;0,1;0,2;1;60;0,5;0,5;0;0;0;1;0;1;0;0;2010;0,2
2030;Oil_GT;EUR;Like Gas_GT;0;0;3;0;550000;16500;11;0;0,07;30;30;0,925;1;0;1;0,3;1;0;0,05;0,05;1;1;5;0,1;0,2;1;60;0,5;0,5;0;0;0;1;0;1;0;0;2010;0,2
2040;Oil_GT;EUR;Like Gas_GT;0;0;3;0;550000;16500;11;0;0,07;30;30;0,925;1;0;1;0,3;1;0;0,05;0,05;1;1;5;0,1;0,2;1;60;0,5;0,5;0;0;0;1;0;1;0;0;2010;0,2
2050;Oil_GT;EUR;Like Gas_GT;0;0;3;0;550000;16500;11;0;0,07;30;30;0,925;1;0;1;0,3;1;0;0,05;0,05;1;1;5;0,1;0,2;1;60;0,5;0,5;0;0;0;1;0;1;0;0;2010;0,2
2016;Oil_GT;EUR;Like Gas_GT;0;0;3;0;550000;16500;11;0;0,07;30;30;0,925;1;0;1;0,3;1;0;0,05;0,05;1;1;5;0,1;0,2;1;60;0,5;0,5;0;0;0;1;0;1;0;0;2010;0,2
2025;Oil_GT;EUR;Like Gas_GT;0;0;3;0;550000;16500;11;0;0,07;30;30;0,925;1;0;1;0,3;1;0;0,05;0,05;1;1;5;0,1;0,2;1;60;0,5;0,5;0;0;0;1;0;1;0;0;2010;0,2
2035;Oil_GT;EUR;Like Gas_GT;0;0;3;0;550000;16500;11;0;0,07;30;30;0,925;1;0;1;0,3;1;0;0,05;0,05;1;1;5;0,1;0,2;1;60;0,5;0,5;0;0;0;1;0;1;0;0;2010;0,2
2037;Oil_GT;EUR;Like Gas_GT;0;0;3;0;550000;16500;11;0;0,07;30;30;0,925;1;0;1;0,3;1;0;0,05;0,05;1;1;5;0,1;0,2;1;60;0,5;0,5;0;0;0;1;0;1;0;0;2010;0,2
2013;Oil_IC;EUR;Like Gas_IC;0;0;3;0;660000;12100;12;0;0,07;30;30;0,925;1;0;1;0,3;1;0;0,05;0,05;1;1;5;0,1;0,2;1;60;0,5;0,5;0;0;0;1;0;1;0;0;2010;0,2
2020;Oil_IC;EUR;Like Gas_IC;0;0;3;0;660000;12100;12;0;0,07;30;30;0,925;1;0;1;0,3;1;0;0,05;0,05;1;1;5;0,1;0,2;1;60;0,5;0,5;0;0;0;1;0;1;0;0;2010;0,2
2030;Oil_IC;EUR;Like Gas_IC;0;0;3;0;660000;12100;12;0;0,07;30;30;0,925;1;0;1;0,3;1;0;0,05;0,05;1;1;5;0,1;0,2;1;60;0,5;0,5;0;0;0;1;0;1;0;0;2010;0,2
2040;Oil_IC;EUR;Like Gas_IC;0;0;3;0;660000;12100;12;0;0,07;30;30;0,925;1;0;1;0,3;1;0;0,05;0,05;1;1;5;0,1;0,2;1;60;0,5;0,5;0;0;0;1;0;1;0;0;2010;0,2
2050;Oil_IC;EUR;Like Gas_IC;0;0;3;0;660000;12100;12;0;0,07;30;30;0,925;1;0;1;0,3;1;0;0,05;0,05;1;1;5;0,1;0,2;1;60;0,5;0,5;0;0;0;1;0;1;0;0;2010;0,2
2016;Oil_IC;EUR;Like Gas_IC;0;0;3;0;660000;12100;12;0;0,07;30;30;0,925;1;0;1;0,3;1;0;0,05;0,05;1;1;5;0,1;0,2;1;60;0,5;0,5;0;0;0;1;0;1;0;0;2010;0,2
2025;Oil_IC;EUR;Like Gas_IC;0;0;3;0;660000;12100;12;0;0,07;30;30;0,925;1;0;1;0,3;1;0;0,05;0,05;1;1;5;0,1;0,2;1;60;0,5;0,5;0;0;0;1;0;1;0;0;2010;0,2
2035;Oil_IC;EUR;Like Gas_IC;0;0;3;0;660000;12100;12;0;0,07;30;30;0,925;1;0;1;0,3;1;0;0,05;0,05;1;1;5;0,1;0,2;1;60;0,5;0,5;0;0;0;1;0;1;0;0;2010;0,2
2037;Oil_IC;EUR;Like Gas_IC;0;0;3;0;660000;12100;12;0;0,07;30;30;0,925;1;0;1;0,3;1;0;0,05;0,05;1;1;5;0,1;0,2;1;60;0,5;0,5;0;0;0;1;0;1;0;0;2010;0,2
2013;Oil_ST;EUR;Like Gas_ST;0;0;3;0;770000;7700;13;0;0,07;30;30;0,925;1;0;1;0,3;1;0;0,05;0,05;1;1;5;0,1;0,2;1;60;0,5;0,5;0;0;0;1;0;1;0;0;2010;0,2
2020;Oil_ST;EUR;Like Gas_ST;0;0;3;0;770000;7700;13;0;0,07;30;30;0,925;1;0;1;0,3;1;0;0,05;0,05;1;1;5;0,1;0,2;1;60;0,5;0,5;0;0;0;1;0;1;0;0;2010;0,2
2030;Oil_ST;EUR;Like Gas_ST;0;0;3;0;770000;7700;13;0;0,07;30;30;0,925;1;0;1;0,3;1;0;0,05;0,05;1;1;5;0,1;0,2;1;60;0,5;0,5;0;0;0;1;0;1;0;0;2010;0,2
2040;Oil_ST;EUR;Like Gas_ST;0;0;3;0;770000;7700;13;0;0,07;30;30;0,925;1;0;1;0,3;1;0;0,05;0,05;1;1;5;0,1;0,2;1;60;0,5;0,5;0;0;0;1;0;1;0;0;2010;0,2
2050;Oil_ST;EUR;Like Gas_ST;0;0;3;0;770000;7700;13;0;0,07;30;30;0,925;1;0;1;0,3;1;0;0,05;0,05;1;1;5;0,1;0,2;1;60;0,5;0,5;0;0;0;1;0;1;0;0;2010;0,2
2016;Oil_ST;EUR;Like Gas_ST;0;0;3;0;770000;7700;13;0;0,07;30;30;0,925;1;0;1;0,3;1;0;0,05;0,05;1;1;5;0,1;0,2;1;60;0,5;0,5;0;0;0;1;0;1;0;0;2010;0,2
2025;Oil_ST;EUR;Like Gas_ST;0;0;3;0;770000;7700;13;0;0,07;30;30;0,925;1;0;1;0,3;1;0;0,05;0,05;1;1;5;0,1;0,2;1;60;0,5;0,5;0;0;0;1;0;1;0;0;2010;0,2
2035;Oil_ST;EUR;Like Gas_ST;0;0;3;0;770000;7700;13;0;0,07;30;30;0,925;1;0;1;0,3;1;0;0,05;0,05;1;1;5;0,1;0,2;1;60;0,5;0,5;0;0;0;1;0;1;0;0;2010;0,2
2037;Oil_ST;EUR;Like Gas_ST;0;0;3;0;770000;7700;13;0;0,07;30;30;0,925;1;0;1;0,3;1;0;0,05;0,05;1;1;5;0,1;0,2;1;60;0,5;0,5;0;0;0;1;0;1;0;0;2010;0,2
2013;Solar;EUR;ETRI 2014 p.20;0;0;inf;0;980000;16660;0;0;0,07;25;25;0,925;1;0;1;0;0;0;1;1;1;1;1;0;1;1;0;1;1;0;0;0;1;0;1;0;0;2011;0,1
2020;Solar;EUR;ETRI 2014 p.20;0;0;inf;0;800000;13600;0;0;0,07;25;25;0,925;1;0;1;0;0;0;1;1;1;1;1;0;1;1;0;1;1;0;0;0;1;0;1;0;0;2011;0,1
2030;Solar;EUR;ETRI 2014 p.20;0;0;inf;0;640000;10880;0;0;0,07;25;25;0,925;1;0;1;0;0;0;1;1;1;1;1;0;1;1;0;1;1;0;0;0;1;0;1;0;0;2011;0,1
2040;Solar;EUR;ETRI 2014 p.20;0;0;inf;0;580000;9860;0;0;0,07;25;25;0,925;1;0;1;0;0;0;1;1;1;1;1;0;1;1;0;1;1;0;0;0;1;0;1;0;0;2011;0,1
2050;Solar;EUR;ETRI 2014 p.20;0;0;inf;0;520000;8840;0;0;0,07;25;25;0,925;1;0;1;0;0;0;1;1;1;1;1;0;1;1;0;1;1;0;0;0;1;0;1;0;0;2011;0,1
2016;Solar;EUR;ETRI 2014 p.20;0;0;inf;0;890000;15130;0;0;0,07;25;25;0,925;1;0;1;0;0;0;1;1;1;1;1;0;1;1;0;1;1;0;0;0;1;0;1;0;0;2011;0,1
2025;Solar;EUR;ETRI 2014 p.20;0;0;inf;0;720000;12240;0;0;0,07;25;25;0,925;1;0;1;0;0;0;1;1;1;1;1;0;1;1;0;1;1;0;0;0;1;0;1;0;0;2011;0,1
2035;Solar;EUR;ETRI 2014 p.20;0;0;inf;0;610000;10370;0;0;0,07;25;25;0,925;1;0;1;0;0;0;1;1;1;1;1;0;1;1;0;1;1;0;0;0;1;0;1;0;0;2011;0,1
2037;Solar;EUR;ETRI 2014 p.20;0;0;inf;0;595000;10115;0;0;0,07;25;25;0,925;1;0;1;0;0;0;1;1;1;1;1;0;1;1;0;1;1;0;0;0;1;0;1;0;0;2011;0,1
2013;Waste_heat;EUR;ETRI 2014 p.80;0;0;1,2;0;2030000;20300;5,1;0;0,07;35;35;0,925;1;0;1;0;1;0;0,05;0,05;1;1;1;0;1;1;0;1;1;0;0;0;1;0;1;0;0;2010;0,2
2020;Waste_heat;EUR;ETRI 2014 p.80;0;0;1,2;0;2030000;20300;5,1;0;0,07;35;35;0,925;1;0;1;0;1;0;0,05;0,05;1;1;1;0;1;1;0;1;1;0;0;0;1;0;1;0;0;2010;0,2
2030;Waste_heat;EUR;ETRI 2014 p.80;0;0;1,2;0;2030000;20300;5,1;0;0,07;35;35;0,925;1;0;1;0;1;0;0,05;0,05;1;1;1;0;1;1;0;1;1;0;0;0;1;0;1;0;0;2010;0,2
2040;Waste_heat;EUR;ETRI 2014 p.80;0;0;1,2;0;2030000;20300;5,1;0;0,07;35;35;0,925;1;0;1;0;1;0;0,05;0,05;1;1;1;0;1;1;0;1;1;0;0;0;1;0;1;0;0;2010;0,2
2050;Waste_heat;EUR;ETRI 2014 p.80;0;0;1,2;0;2030000;20300;5,1;0;0,07;35;35;0,925;1;0;1;0;1;0;0,05;0,05;1;1;1;0;1;1;0;1;1;0;0;0;1;0;1;0;0;2010;0,2
2016;Waste_heat;EUR;ETRI 2014 p.80;0;0;1,2;0;2030000;20300;5,1;0;0,07;35;35;0,925;1;0;1;0;1;0;0,05;0,05;1;1;1;0;1;1;0;1;1;0;0;0;1;0;1;0;0;2010;0,2
2025;Waste_heat;EUR;ETRI 2014 p.80;0;0;1,2;0;2030000;20300;5,1;0;0,07;35;35;0,925;1;0;1;0;1;0;0,05;0,05;1;1;1;0;1;1;0;1;1;0;0;0;1;0;1;0;0;2010;0,2
2035;Waste_heat;EUR;ETRI 2014 p.80;0;0;1,2;0;2030000;20300;5,1;0;0,07;35;35;0,925;1;0;1;0;1;0;0,05;0,05;1;1;1;0;1;1;0;1;1;0;0;0;1;0;1;0;0;2010;0,2
2037;Waste_heat;EUR;ETRI 2014 p.80;0;0;1,2;0;2030000;20300;5,1;0;0,07;35;35;0,925;1;0;1;0;1;0;0,05;0,05;1;1;1;0;1;1;0;1;1;0;0;0;1;0;1;0;0;2010;0,2
2013;WindOn;EUR;ETRI 2014 p.15;0;0;inf;0;1400000;37800;0;0;0,07;20;20;0,925;1;0;1;0;0;0;1;1;1;1;1;0;1;1;0;1;1;0;0;0;1;0;1;0;0;2011;0,1
2020;WindOn;EUR;ETRI 2014 p.15;0;0;inf;0;1350000;36450;0;0;0,07;22;22;0,925;1;0;1;0;0;0;1;1;1;1;1;0;1;1;0;1;1;0;0;0;1;0;1;0;0;2011;0,1
2030;WindOn;EUR;ETRI 2014 p.15;0;0;inf;0;1300000;35100;0;0;0,07;25;25;0,925;1;0;1;0;0;0;1;1;1;1;1;0;1;1;0;1;1;0;0;0;1;0;1;0;0;2011;0,1
2040;WindOn;EUR;ETRI 2014 p.15;0;0;inf;0;1200000;32400;0;0;0,07;25;25;0,925;1;0;1;0;0;0;1;1;1;1;1;0;1;1;0;1;1;0;0;0;1;0;1;0;0;2011;0,1
2050;WindOn;EUR;ETRI 2014 p.15;0;0;inf;0;1100000;29700;0;0;0,07;25;25;0,925;1;0;1;0;0;0;1;1;1;1;1;0;1;1;0;1;1;0;0;0;1;0;1;0;0;2011;0,1
2016;WindOn;EUR;ETRI 2014 p.15;0;0;inf;0;1380000;37260;0;0;0,07;22;22;0,925;1;0;1;0;0;0;1;1;1;1;1;0;1;1;0;1;1;0;0;0;1;0;1;0;0;2011;0,1
2025;WindOn;EUR;ETRI 2014 p.15;0;0;inf;0;1325000;35775;0;0;0,07;25;25;0,925;1;0;1;0;0;0;1;1;1;1;1;0;1;1;0;1;1;0;0;0;1;0;1;0;0;2011;0,1
2035;WindOn;EUR;ETRI 2014 p.15;0;0;inf;0;1250000;33750;0;0;0,07;25;25;0,925;1;0;1;0;0;0;1;1;1;1;1;0;1;1;0;1;1;0;0;0;1;0;1;0;0;2011;0,1
2037;WindOn;EUR;ETRI 2014 p.15;0;0;inf;0;1230000;33210;0;0;0,07;25;25;0,925;1;0;1;0;0;0;1;1;1;1;1;0;1;1;0;1;1;0;0;0;1;0;1;0;0;2011;0,1
2016_old;Bioenergy;EUR;unclear;0;0;1,2;0;2783152;61880;26;1;0,07;25;25;0,925;1;0;1;0;1;0;0,05;0,05;1;1;1;0;1;1;0;1;1;0;0;0;1;0;1;0;0;2010;0,2
2016_old;Coal;EUR;unclear;0;0;0,6;0;1600000;40000;4,6;90;0,07;40;40;0,925;1;0;1;0,4;1;0;0,03;0,03;1;1;5;0,06;0,15;1;110;0,5;0,5;0;0;0;1;0;1;0;0;2010;0,2
2016_old;Gas_CC;EUR;unclear;0;0;4,8;0;850000;21250;2;70;0,07;30;30;0,925;1;0;1;0,3;1;0;0,05;0,05;1;1;5;0,1;0,2;1;60;0,5;0,5;0;0;0;1;0;1;0;0;2010;0,2
2016_old;Gas_GT;EUR;unclear;0;0;4,8;0;850000;21250;2;70;0,07;30;30;0,925;1;0;1;0,3;1;0;0,05;0,05;1;1;5;0,1;0,2;1;60;0,5;0,5;0;0;0;1;0;1;0;0;2010;0,2
2016_old;Gas_IC;EUR;unclear;0;0;4,8;0;850000;21250;3,17;70;0,07;30;30;0,925;1;0;1;0,3;1;0;0,05;0,05;1;1;5;0,1;0,2;1;60;0,5;0,5;0;0;0;1;0;1;0;0;2010;0,2
2016_old;Gas_ST;EUR;unclear;0;0;4,8;0;850000;21250;2;70;0,07;30;30;0,925;1;0;1;0,3;1;0;0,05;0,05;1;1;5;0,1;0,2;1;60;0,5;0,5;0;0;0;1;0;1;0;0;2010;0,2
2016_old;Hydro;EUR;unclear;0;0;inf;0;5551137;82930;0;0;0,07;60;60;0,925;1;0;1;0;0;0;1;1;1;1;1;0;1;1;0;1;1;0;0;0;1;0;1;0;0;2009;0,1
2016_old;Oil_GT;EUR;unclear;0;0;3;0;850000;21250;3,17;50;0,07;30;30;0,925;1;0;1;0,4;1;0;0,05;0,05;1;1;5;0,3;1;1;20;0,7;0,7;0;0;0;1;0;1;0;0;2010;0,2
2016_old;Oil_IC;EUR;unclear;0;0;3;0;850000;21250;3,17;50;0,07;30;30;0,925;1;0;1;0,4;1;0;0,05;0,05;1;1;5;0,3;1;1;20;0,7;0,7;0;0;0;1;0;1;0;0;2005;0,2
2016_old;Oil_ST;EUR;unclear;0;0;3;0;850000;21250;3,17;50;0,07;30;30;0,925;1;0;1;0,4;1;0;0,05;0,05;1;1;5;0,3;1;1;20;0,7;0,7;0;0;0;1;0;1;0;0;2010;0,2
2016_old;Solar;EUR;unclear;0;0;inf;0;889892;15790;0;0;0,07;25;25;0,925;1;0;1;0;0;0;1;1;1;1;1;0;1;1;0;1;1;0;0;0;1;0;1;0;0;2011;0,1
2016_old;Waste;EUR;unclear;0;0;1,2;0;5904581;178540;26;50;0,07;25;25;0,925;1;0;1;0;1;0;0,05;0,05;1;1;1;0;1;1;0;1;1;0;0;0;1;0;1;0;0;2010;0,2
2016_old;WindOn;EUR;unclear;0;0;inf;0;1395019;36260;0;0;0,07;25;25;0,925;1;0;1;0;0;0;1;1;1;1;1;0;1;1;0;1;1;0;0;0;1;0;1;0;0;2011;0,1
2015_old;Bioenergy;EUR;unclear;0;0;1,2;0,2;2783152;61880;3,5;0;0,07;25;25;;;0;1;0;1;0;0,05;0,05;1;1;1;0;1;1;0;1;1;0;0;0;1;0;1;0;0;2000;5
2015_old;Biogas;EUR;unclear;0;0;4,8;0,79;850000;21250;2;40;0,07;30;30;;;0;1;0,3;1;0;0,05;0,05;1;1;5;0,1;0,2;1;60;0,5;0,5;0;0;0;1;0;1;0;0;2000;5
2015_old;Biomass;EUR;unclear;0;0;1,2;0,2;2783152;61880;3,5;0;0,07;25;25;;;0;1;0;1;0;0,05;0,05;1;1;1;0;1;1;0;1;1;0;0;0;1;0;1;0;0;2000;5
2015_old;Coal;EUR;unclear;0;0;0,6;0,4;1600000;40000;3,6;90;0,07;40;40;;;0;1;0,4;1;0;0,03;0,03;1;1;5;0,06;0,15;1;110;0,5;0,5;0;0;0;1;0;1;0;0;1975;5
2015_old;Coal_CHP;EUR;unclear;0;0;0,6;0,4;2030000;81200;5;90;0,07;35;35;;;0;1;0,4;1;0;0,03;0,03;1;1;5;0,06;0,15;1;110;0,5;0,5;0;0;0;1;0;1;0;0;1975;5
2015_old;Gas;EUR;unclear;0;inf;4,8;0,2;850000;21250;2;40;0,07;30;30;;;0;1;0,3;1;0;0,05;0,05;1;1;5;0,1;0,2;1;60;0,5;0,5;0;0;0;1;0;1;0;0;1990;8
2015_old;Gas_CHP;EUR;unclear;0;0;4,8;0,2;1006529;39280;4;40;0,07;30;30;;;0;1;0,3;1;0;0,05;0,05;1;1;5;0,1;0,2;1;60;0,5;0,5;0;0;0;1;0;1;0;0;1990;8
2015_old;Geothermal;EUR;unclear;0;0;0,6;0;5308968;78020;0;0;0,07;30;30;;;0;1;0;1;0;1;1;1;1;1;0;1;1;0;1;1;0;0;0;1;0;1;0;0;1990;8
2015_old;Hydro;EUR;unclear;0;0;inf;0;5551137;82930;5;0;0,07;60;60;;;0;1;0;0;0;1;1;1;1;1;0;1;1;0;1;1;0;0;0;1;0;1;0;0;1970;4
2015_old;Hydro_Large;EUR;unclear;0;0;inf;0;5551137;82930;5;0;0,07;60;60;;;0;1;0;0;0;1;1;1;1;1;0;1;1;0;1;1;0;0;0;1;0;1;0;0;1970;4
2015_old;Hydro_Small;EUR;unclear;0;0;inf;0;5551137;82930;5;0;0,07;60;60;;;0;1;0;0;0;1;1;1;1;1;0;1;1;0;1;1;0;0;0;1;0;1;0;0;1990;8
2015_old;Lignite;EUR;unclear;0;0;0,6;0,4;2000000;50000;4,5;90;0,07;40;40;;;0;1;0,45;1;0;0,02;0,02;1;1;5;0,04;0,12;1;130;0,5;0,5;0;0;0;1;0;1;0;0;1975;5
2015_old;Lignite_CHP;EUR;unclear;0;0;0,6;0,4;2537500;101500;5;90;0,07;35;35;;;0;1;0,45;1;0;0,02;0,02;1;1;5;0,04;0,12;1;130;0,5;0,5;0;0;0;1;0;1;0;0;1975;5
2015_old;Liquid biofuels;EUR;unclear;0;0;3;0;850000;21250;2;40;0,07;30;30;;;0;1;0,4;1;0;0,05;0,05;1;1;5;0,3;1;1;20;0,7;0,7;0;0;0;1;0;1;0;0;2000;5
2015_old;Nuclear;EUR;unclear;0;0;0,3;0,5;4439360;93600;2,5;1000;0,07;60;60;;;0;1;0,45;1;0;0,04;0,04;1;1;5;0,03;0,1;1;100;0,45;0,45;0;0;0;1;0;1;0;0;1970;4
2015_old;OilOther;EUR;unclear;0;0;3;0,12;850000;21250;2;40;0,07;30;30;;;0;1;0,4;1;0;0,05;0,05;1;1;5;0,3;1;1;20;0,7;0,7;0;0;0;1;0;1;0;0;1990;8
2015_old;OilOther_CHP;EUR;unclear;0;0;3;0,12;1078438;43138;4;40;0,07;30;30;;;0;1;0,4;1;0;0,05;0,05;1;1;5;0,3;1;1;20;0,7;0,7;0;0;0;1;0;1;0;0;1990;8
2015_old;Shunt;EUR;unclear;0;999999;inf;0;0;0;0;0;0,07;1;999;;;0;1;0;1;0;1;1;1;1;1;0;1;1;0;1;1;0;0;0;1;0;1;0;0;2015;0
2015_old;Slack;EUR;unclear;0;999999;inf;0;0;0;0;0;0,07;1;999;;;0;1;0;1;0;1;1;1;1;1;0;1;1;0;1;1;0;0;0;1;0;1;0;0;2015;0
2015_old;Solar;EUR;unclear;0;inf;inf;0;889892;15790;0;0;0,07;25;25;;;14000;1;0;0;0;1;1;1;1;1;0;1;1;0;1;1;0;0;0;1;0;1;0;0;2009;2
2015_old;Tidal;EUR;unclear;0;0;inf;0;7052827;302600;0;0;0,07;20;20;;;0;1;0;1;0;1;1;1;1;1;0;1;1;0;1;1;0;0;0;1;0;1;0;0;2009;2
2015_old;Waste;EUR;unclear;0;0;1,2;0;5904581;178540;7;0;0,07;25;25;;;0;1;0;1;0;0,05;0,05;1;1;1;0;1;1;0;1;1;0;0;0;1;0;1;0;0;2000;5
2015_old;WindOff;EUR;unclear;0;inf;inf;0;3184734;118040;0;0;0,07;25;25;;;125000;1;0;0;0;1;1;1;1;1;0;1;1;0;1;1;0;0;0;1;0;1;0;0;2009;2
2015_old;WindOn;EUR;unclear;0;inf;inf;0;1395019;36260;0;0;0,07;25;25;;;125000;1;0;0;0;1;1;1;1;1;0;1;1;0;1;1;0;0;0;1;0;1;0;0;2006;3
2020_old;Bioenergy;EUR;unclear;0;0;1,2;0,2;2620000;57640;3,5;0;0,07;25;25;;;0;1;0;1;0;0,05;0,05;1;1;1;0;1;1;0;1;1;0;0;0;1;0;1;0;0;2000;5
2020_old;Biogas;EUR;unclear;0;0;4,8;0,79;850000;21250;2;40;0,07;30;30;;;0;1;0,3;1;0;0,05;0,05;1;1;5;0,1;0,2;1;60;0,5;0,5;0;0;0;1;0;1;0;0;2000;5
2020_old;Biomass;EUR;unclear;0;0;1,2;0,2;2620000;57640;3,5;0;0,07;25;25;;;0;1;0;1;0;0,05;0,05;1;1;1;0;1;1;0;1;1;0;0;0;1;0;1;0;0;2000;5
2020_old;Coal;EUR;unclear;0;0;0,6;0,4;1600000;40000;3,6;90;0,07;40;40;;;0;1;0,4;1;0;0,03;0,03;1;1;5;0,06;0,15;1;110;0,5;0,5;0;0;0;1;0;1;0;0;1975;5
2020_old;Coal_CHP;EUR;unclear;0;0;0,6;0,4;2030000;81200;5;90;0,07;35;35;;;0;1;0,4;1;0;0,03;0,03;1;1;5;0,06;0,15;1;110;0,5;0,5;0;0;0;1;0;1;0;0;1975;5
2020_old;Gas;EUR;unclear;0;inf;4,8;0,2;850000;21250;2;40;0,07;30;30;;;0;1;0,3;1;0;0,05;0,05;1;1;5;0,1;0,2;1;60;0,5;0,5;0;0;0;1;0;1;0;0;1990;8
2020_old;Gas_CHP;EUR;unclear;0;0;4,8;0,2;1000000;39000;4;40;0,07;30;30;;;0;1;0,3;1;0;0,05;0,05;1;1;5;0,1;0,2;1;60;0,5;0,5;0;0;0;1;0;1;0;0;1990;8
2020_old;Geothermal;EUR;unclear;0;0;0,6;0;4970000;79520;0;0;0,07;30;30;;;0;1;0;1;0;1;1;1;1;1;0;1;1;0;1;1;0;0;0;1;0;1;0;0;1990;8
2020_old;Hydro;EUR;unclear;0;0;inf;0;5600000;84000;5;0;0,07;60;60;;;0;1;0;0;0;1;1;1;1;1;0;1;1;0;1;1;0;0;0;1;0;1;0;0;1970;4
2020_old;Hydro_Large;EUR;unclear;0;0;inf;0;5600000;84000;5;0;0,07;60;60;;;0;1;0;0;0;1;1;1;1;1;0;1;1;0;1;1;0;0;0;1;0;1;0;0;1970;4
2020_old;Hydro_Small;EUR;unclear;0;0;inf;0;5600000;84000;5;0;0,07;60;60;;;0;1;0;0;0;1;1;1;1;1;0;1;1;0;1;1;0;0;0;1;0;1;0;0;1990;8
2020_old;Lignite;EUR;unclear;0;0;0,6;0,4;2000000;50000;4,5;90;0,07;40;40;;;0;1;0,45;1;0;0,02;0,02;1;1;5;0,04;0,12;1;130;0,5;0,5;0;0;0;1;0;1;0;0;1975;5
2020_old;Lignite_CHP;EUR;unclear;0;0;0,6;0,4;2537500;101500;5;90;0,07;35;35;;;0;1;0,45;1;0;0,02;0,02;1;1;5;0,04;0,12;1;130;0,5;0,5;0;0;0;1;0;1;0;0;1975;5
2020_old;Liquid biofuels;EUR;unclear;0;0;3;0;850000;21250;2;40;0,07;30;30;;;0;1;0,4;1;0;0,05;0,05;1;1;5;0,3;1;1;20;0,7;0,7;0;0;0;1;0;1;0;0;2000;5
2020_old;Nuclear;EUR;unclear;0;0;0,3;0,5;4350000;91350;2,5;1000;0,07;60;60;;;0;1;0,45;1;0;0,04;0,04;1;1;5;0,03;0,1;1;100;0,45;0,45;0;0;0;1;0;1;0;0;1970;4
2020_old;OilOther;EUR;unclear;0;0;3;0,12;850000;21250;2;40;0,07;30;30;;;0;1;0,4;1;0;0,05;0,05;1;1;5;0,3;1;1;20;0,7;0,7;0;0;0;1;0;1;0;0;1990;8
2020_old;OilOther_CHP;EUR;unclear;0;0;3;0,12;1078438;43138;4;40;0,07;30;30;;;0;1;0,4;1;0;0,05;0,05;1;1;5;0,3;1;1;20;0,7;0,7;0;0;0;1;0;1;0;0;1990;8
2020_old;Shunt;EUR;unclear;0;999999;inf;0;0;0;0;0;0,07;1;999;;;0;1;0;1;0;1;1;1;1;1;0;1;1;0;1;1;0;0;0;1;0;1;0;0;2020;0
2020_old;Slack;EUR;unclear;0;999999;inf;0;0;0;0;0;0,07;1;999;;;0;1;0;1;0;1;1;1;1;1;0;1;1;0;1;1;0;0;0;1;0;1;0;0;2020;0
2020_old;Solar;EUR;unclear;0;inf;inf;0;800000;13600;0;0;0,07;25;25;;;14000;1;0;0;0;1;1;1;1;1;0;1;1;0;1;1;0;0;0;1;0;1;0;0;2009;2
2020_old;Tidal;EUR;unclear;0;0;inf;0;4400000;149600;0;0;0,07;20;20;;;0;1;0;1;0;1;1;1;1;1;0;1;1;0;1;1;0;0;0;1;0;1;0;0;2009;2
2020_old;Waste;EUR;unclear;0;0;1,2;0;5630000;168900;7;0;0,07;25;25;;;0;1;0;1;0;0,05;0,05;1;1;1;0;1;1;0;1;1;0;0;0;1;0;1;0;0;2000;5
2020_old;WindOff;EUR;unclear;0;inf;inf;0;2880000;92160;0;0;0,07;25;25;;;125000;1;0;0;0;1;1;1;1;1;0;1;1;0;1;1;0;0;0;1;0;1;0;0;2009;2
2020_old;WindOn;EUR;unclear;0;inf;inf;0;1350000;32400;0;0;0,07;25;25;;;125000;1;0;0;0;1;1;1;1;1;0;1;1;0;1;1;0;0;0;1;0;1;0;0;2006;3
2030_old;Bioenergy;EUR;unclear;0;0;1,2;0,2;2370000;52140;3,5;0;0,07;25;25;;;0;1;0;1;0;0,05;0,05;1;1;1;0;1;1;0;1;1;0;0;0;1;0;1;0;0;2000;5
2030_old;Biogas;EUR;unclear;0;0;4,8;0,79;850000;21250;2;40;0,07;30;30;;;0;1;0,3;1;0;0,05;0,05;1;1;5;0,1;0,2;1;60;0,5;0,5;0;0;0;1;0;1;0;0;2000;5
2030_old;Biomass;EUR;unclear;0;0;1,2;0,2;2370000;52140;3,5;0;0,07;25;25;;;0;1;0;1;0;0,05;0,05;1;1;1;0;1;1;0;1;1;0;0;0;1;0;1;0;0;2000;5
2030_old;Coal;EUR;unclear;0;0;0,6;0,4;1600000;40000;3,6;90;0,07;40;40;;;0;1;0,4;1;0;0,03;0,03;1;1;5;0,06;0,15;1;110;0,5;0,5;0;0;0;1;0;1;0;0;1975;5
2030_old;Coal_CHP;EUR;unclear;0;0;0,6;0,4;2030000;60900;5;90;0,07;35;35;;;0;1;0,4;1;0;0,03;0,03;1;1;5;0,06;0,15;1;110;0,5;0,5;0;0;0;1;0;1;0;0;1975;5
2030_old;Gas;EUR;unclear;0;inf;4,8;0,2;850000;21250;2;40;0,07;30;30;;;0;1;0,3;1;0;0,05;0,05;1;1;5;0,1;0,2;1;60;0,5;0,5;0;0;0;1;0;1;0;0;1990;8
2030_old;Gas_CHP;EUR;unclear;0;0;4,8;0,2;990000;38610;4;40;0,07;30;30;;;0;1;0,3;1;0;0,05;0,05;1;1;5;0,1;0,2;1;60;0,5;0,5;0;0;0;1;0;1;0;0;1990;8
2030_old;Geothermal;EUR;unclear;0;0;0,6;0;4470000;80460;0;0;0,07;30;30;;;0;1;0;1;0;1;1;1;1;1;0;1;1;0;1;1;0;0;0;1;0;1;0;0;1990;8
2030_old;Hydro;EUR;unclear;0;0;inf;0;5620000;84300;5;0;0,07;60;60;;;0;1;0;0;0;1;1;1;1;1;0;1;1;0;1;1;0;0;0;1;0;1;0;0;1970;4
2030_old;Hydro_Large;EUR;unclear;0;0;inf;0;5620000;84300;5;0;0,07;60;60;;;0;1;0;0;0;1;1;1;1;1;0;1;1;0;1;1;0;0;0;1;0;1;0;0;1970;4
2030_old;Hydro_Small;EUR;unclear;0;0;inf;0;5620000;84300;5;0;0,07;60;60;;;0;1;0;0;0;1;1;1;1;1;0;1;1;0;1;1;0;0;0;1;0;1;0;0;1990;8
2030_old;Lignite;EUR;unclear;0;0;0,6;0,4;2000000;50000;4,5;90;0,07;40;40;;;0;1;0,45;1;0;0,02;0,02;1;1;5;0,04;0,12;1;130;0,5;0,5;0;0;0;1;0;1;0;0;1975;5
2030_old;Lignite_CHP;EUR;unclear;0;0;0,6;0,4;2537500;76125;5;90;0,07;35;35;;;0;1;0,45;1;0;0,02;0,02;1;1;5;0,04;0,12;1;130;0,5;0,5;0;0;0;1;0;1;0;0;1975;5
2030_old;Liquid biofuels;EUR;unclear;0;0;3;0;850000;21250;2;40;0,07;30;30;;;0;1;0,4;1;0;0,05;0,05;1;1;5;0,3;1;1;20;0,7;0,7;0;0;0;1;0;1;0;0;2000;5
2030_old;Nuclear;EUR;unclear;0;0;0,3;0,5;4100000;77900;2,5;1000;0,07;60;60;;;0;1;0,45;1;0;0,04;0,04;1;1;5;0,03;0,1;1;100;0,45;0,45;0;0;0;1;0;1;0;0;1970;4
2030_old;OilOther;EUR;unclear;0;0;3;0,12;850000;21250;2;40;0,07;30;30;;;0;1;0,4;1;0;0,05;0,05;1;1;5;0,3;1;1;20;0,7;0,7;0;0;0;1;0;1;0;0;1990;8
2030_old;OilOther_CHP;EUR;unclear;0;0;3;0,12;1078438;32354;4;40;0,07;30;30;;;0;1;0,4;1;0;0,05;0,05;1;1;5;0,3;1;1;20;0,7;0,7;0;0;0;1;0;1;0;0;1990;8
2030_old;Shunt;EUR;unclear;0;999999;inf;0;0;0;0;0;0,07;1;999;;;0;1;0;1;0;1;1;1;1;1;0;1;1;0;1;1;0;0;0;1;0;1;0;0;2030;0
2030_old;Slack;EUR;unclear;0;999999;inf;0;0;0;0;0;0,07;1;999;;;0;1;0;1;0;1;1;1;1;1;0;1;1;0;1;1;0;0;0;1;0;1;0;0;2030;0
2030_old;Solar;EUR;unclear;0;inf;inf;0;640000;10880;0;0;0,07;25;25;;;14000;1;0;0;0;1;1;1;1;1;0;1;1;0;1;1;0;0;0;1;0;1;0;0;2009;2
2030_old;Tidal;EUR;unclear;0;0;inf;0;3100000;105400;0;0;0,07;20;20;;;0;1;0;1;0;1;1;1;1;1;0;1;1;0;1;1;0;0;0;1;0;1;0;0;2009;2
2030_old;Waste;EUR;unclear;0;0;1,2;0;5240000;157200;7;0;0,07;25;25;;;0;1;0;1;0;0,05;0,05;1;1;1;0;1;1;0;1;1;0;0;0;1;0;1;0;0;2000;5
2030_old;WindOff;EUR;unclear;0;inf;inf;0;2580000;77400;0;0;0,07;25;25;;;125000;1;0;0;0;1;1;1;1;1;0;1;1;0;1;1;0;0;0;1;0;1;0;0;2009;2
2030_old;WindOn;EUR;unclear;0;inf;inf;0;1300000;28600;0;0;0,07;25;25;;;125000;1;0;0;0;1;1;1;1;1;0;1;1;0;1;1;0;0;0;1;0;1;0;0;2006;3
2040_old;Bioenergy;EUR;unclear;0;0;1,2;0,2;2150000;47300;3,5;0;0,07;25;25;;;0;1;0;1;0;0,05;0,05;1;1;1;0;1;1;0;1;1;0;0;0;1;0;1;0;0;2000;5
2040_old;Biogas;EUR;unclear;0;0;4,8;0,79;850000;21250;2;40;0,07;30;30;;;0;1;0,3;1;0;0,05;0,05;1;1;5;0,1;0,2;1;60;0,5;0,5;0;0;0;1;0;1;0;0;2000;5
2040_old;Biomass;EUR;unclear;0;0;1,2;0,2;2150000;47300;3,5;0;0,07;25;25;;;0;1;0;1;0;0,05;0,05;1;1;1;0;1;1;0;1;1;0;0;0;1;0;1;0;0;2000;5
2040_old;Coal;EUR;unclear;0;0;0,6;0,4;1600000;40000;3,6;90;0,07;40;40;;;0;1;0,4;1;0;0,03;0,03;1;1;5;0,06;0,15;1;110;0,5;0,5;0;0;0;1;0;1;0;0;1975;5
2040_old;Coal_CHP;EUR;unclear;0;0;0,6;0,4;2030000;60900;5;90;0,07;35;35;;;0;1;0,4;1;0;0,03;0,03;1;1;5;0,06;0,15;1;110;0,5;0,5;0;0;0;1;0;1;0;0;1975;5
2040_old;Gas;EUR;unclear;0;inf;4,8;0,2;850000;21250;2;40;0,07;30;30;;;0;1;0,3;1;0;0,05;0,05;1;1;5;0,1;0,2;1;60;0,5;0,5;0;0;0;1;0;1;0;0;1990;8
2040_old;Gas_CHP;EUR;unclear;0;0;4,8;0,2;980000;38220;4;40;0,07;30;30;;;0;1;0,3;1;0;0,05;0,05;1;1;5;0,1;0,2;1;60;0,5;0,5;0;0;0;1;0;1;0;0;1990;8
2040_old;Geothermal;EUR;unclear;0;0;0,6;0;4020000;80400;0;0;0,07;30;30;;;0;1;0;1;0;1;1;1;1;1;0;1;1;0;1;1;0;0;0;1;0;1;0;0;1990;8
2040_old;Hydro;EUR;unclear;0;0;inf;0;5620000;84300;5;0;0,07;60;60;;;0;1;0;0;0;1;1;1;1;1;0;1;1;0;1;1;0;0;0;1;0;1;0;0;1970;4
2040_old;Hydro_Large;EUR;unclear;0;0;inf;0;5620000;84300;5;0;0,07;60;60;;;0;1;0;0;0;1;1;1;1;1;0;1;1;0;1;1;0;0;0;1;0;1;0;0;1970;4
2040_old;Hydro_Small;EUR;unclear;0;0;inf;0;5620000;84300;5;0;0,07;60;60;;;0;1;0;0;0;1;1;1;1;1;0;1;1;0;1;1;0;0;0;1;0;1;0;0;1990;8
2040_old;Lignite;EUR;unclear;0;0;0,6;0,4;2000000;50000;4,5;90;0,07;40;40;;;0;1;0,45;1;0;0,02;0,02;1;1;5;0,04;0,12;1;130;0,5;0,5;0;0;0;1;0;1;0;0;1975;5
2040_old;Lignite_CHP;EUR;unclear;0;0;0,6;0,4;2537500;76125;5;90;0,07;35;35;;;0;1;0,45;1;0;0,02;0,02;1;1;5;0,04;0,12;1;130;0,5;0,5;0;0;0;1;0;1;0;0;1975;5
2040_old;Liquid biofuels;EUR;unclear;0;0;3;0;850000;21250;2;40;0,07;30;30;;;0;1;0,4;1;0;0,05;0,05;1;1;5;0,3;1;1;20;0,7;0,7;0;0;0;1;0;1;0;0;2000;5
2040_old;Nuclear;EUR;unclear;0;0;0,3;0,5;3800000;64600;2,5;1000;0,07;60;60;;;0;1;0,45;1;0;0,04;0,04;1;1;5;0,03;0,1;1;100;0,45;0,45;0;0;0;1;0;1;0;0;1970;4
2040_old;OilOther;EUR;unclear;0;0;3;0,12;850000;21250;2;40;0,07;30;30;;;0;1;0,4;1;0;0,05;0,05;1;1;5;0,3;1;1;20;0,7;0,7;0;0;0;1;0;1;0;0;1990;8
2040_old;OilOther_CHP;EUR;unclear;0;0;3;0,12;1078438;32354;4;40;0,07;30;30;;;0;1;0,4;1;0;0,05;0,05;1;1;5;0,3;1;1;20;0,7;0,7;0;0;0;1;0;1;0;0;1990;8
2040_old;Shunt;EUR;unclear;0;999999;inf;0;0;0;0;0;0,07;1;999;;;0;1;0;1;0;1;1;1;1;1;0;1;1;0;1;1;0;0;0;1;0;1;0;0;2040;0
2040_old;Slack;EUR;unclear;0;999999;inf;0;0;0;0;0;0,07;1;999;;;0;1;0;1;0;1;1;1;1;1;0;1;1;0;1;1;0;0;0;1;0;1;0;0;2040;0
2040_old;Solar;EUR;unclear;0;inf;inf;0;580000;9860;0;0;0,07;25;25;;;14000;1;0;0;0;1;1;1;1;1;0;1;1;0;1;1;0;0;0;1;0;1;0;0;2009;2
2040_old;Tidal;EUR;unclear;0;0;inf;0;2100000;71400;0;0;0,07;20;20;;;0;1;0;1;0;1;1;1;1;1;0;1;1;0;1;1;0;0;0;1;0;1;0;0;2009;2
2040_old;Waste;EUR;unclear;0;0;1,2;0;4870000;146100;7;0;0,07;25;25;;;0;1;0;1;0;0,05;0,05;1;1;1;0;1;1;0;1;1;0;0;0;1;0;1;0;0;2000;5
2040_old;WindOff;EUR;unclear;0;inf;inf;0;2380000;66640;0;0;0,07;25;25;;;125000;1;0;0;0;1;1;1;1;1;0;1;1;0;1;1;0;0;0;1;0;1;0;0;2009;2
2040_old;WindOn;EUR;unclear;0;inf;inf;0;1200000;22800;0;0;0,07;25;25;;;125000;1;0;0;0;1;1;1;1;1;0;1;1;0;1;1;0;0;0;1;0;1;0;0;2006;3
2050_old;Bioenergy;EUR;unclear;0;0;1,2;0;1950000;42900;3,5;0;0,07;25;25;;;0;1;0;1;0;0,05;0,05;1;1;1;0;1;1;0;1;1;0;0;0;1;0;1;0;0;2000;5
2050_old;Biogas;EUR;unclear;0;0;4,8;0;850000;21250;2;40;0,07;30;30;;;0;1;0,3;1;0;0,05;0,05;1;1;5;0,1;0,2;1;60;0,5;0,5;0;0;0;1;0;1;0;0;2000;5
2050_old;Biomass;EUR;unclear;0;0;1,2;0;1950000;42900;3,5;0;0,07;25;25;;;0;1;0;1;0;0,05;0,05;1;1;1;0;1;1;0;1;1;0;0;0;1;0;1;0;0;2000;5
2050_old;Coal;EUR;unclear;0;0;0,6;0;1600000;40000;3,6;90;0,07;40;40;;;0;1;0,4;1;0;0,03;0,03;1;1;5;0,06;0,15;1;110;0,5;0,5;0;0;0;1;0;1;0;0;1975;5
2050_old;Coal_CHP;EUR;unclear;0;0;0,6;0,4;2030000;60900;5;90;0,07;35;35;;;0;1;0,4;1;0;0,03;0,03;1;1;5;0,06;0,15;1;110;0,5;0,5;0;0;0;1;0;1;0;0;1975;5
2050_old;Gas;EUR;unclear;0;inf;4,8;0;850000;21250;2;40;0,07;30;30;;;0;1;0,3;1;0;0,05;0,05;1;1;5;0,1;0,2;1;60;0,5;0,5;0;0;0;1;0;1;0;0;1990;8
2050_old;Gas_CHP;EUR;unclear;0;0;4,8;0,2;970000;37830;4;40;0,07;30;30;;;0;1;0,3;1;0;0,05;0,05;1;1;5;0,1;0,2;1;60;0,5;0,5;0;0;0;1;0;1;0;0;1990;8
2050_old;Geothermal;EUR;unclear;0;0;0,6;0;3610000;79420;0;0;0,07;30;30;;;0;1;0;1;0;1;1;1;1;1;0;1;1;0;1;1;0;0;0;1;0;1;0;0;1990;8
2050_old;Hydro;EUR;unclear;0;0;inf;0;5620000;84300;5;0;0,07;60;60;;;0;1;0;0;0;1;1;1;1;1;0;1;1;0;1;1;0;0;0;1;0;1;0;0;1970;4
2050_old;Hydro_Large;EUR;unclear;0;0;inf;0;5620000;84300;5;0;0,07;60;60;;;0;1;0;0;0;1;1;1;1;1;0;1;1;0;1;1;0;0;0;1;0;1;0;0;1970;4
2050_old;Hydro_Small;EUR;unclear;0;0;inf;0;5620000;84300;5;0;0,07;60;60;;;0;1;0;0;0;1;1;1;1;1;0;1;1;0;1;1;0;0;0;1;0;1;0;0;1990;8
2050_old;Lignite;EUR;unclear;0;0;0,6;0;2000000;50000;4,5;90;0,07;40;40;;;0;1;0,45;1;0;0,02;0,02;1;1;5;0,04;0,12;1;130;0,5;0,5;0;0;0;1;0;1;0;0;1975;5
2050_old;Lignite_CHP;EUR;unclear;0;0;0,6;0,4;2537500;76125;5;90;0,07;35;35;;;0;1;0,45;1;0;0,02;0,02;1;1;5;0,04;0,12;1;130;0,5;0,5;0;0;0;1;0;1;0;0;1975;5
2050_old;Liquid biofuels;EUR;unclear;0;0;3;0;850000;21250;2;40;0,07;30;30;;;0;1;0,4;1;0;0,05;0,05;1;1;5;0,3;1;1;20;0,7;0,7;0;0;0;1;0;1;0;0;2000;5
2050_old;Nuclear;EUR;unclear;0;0;0,3;0;3750000;60000;2,5;1000;0,07;60;60;;;0;1;0,45;1;0;0,04;0,04;1;1;5;0,03;0,1;1;100;0,45;0,45;0;0;0;1;0;1;0;0;1970;4
2050_old;OilOther;EUR;unclear;0;0;3;0;850000;21250;2;40;0,07;30;30;;;0;1;0,4;1;0;0,05;0,05;1;1;5;0,3;1;1;20;0,7;0,7;0;0;0;1;0;1;0;0;1990;8
2050_old;OilOther_CHP;EUR;unclear;0;0;3;0,12;1078438;32354;4;40;0,07;30;30;;;0;1;0,4;1;0;0,05;0,05;1;1;5;0,3;1;1;20;0,7;0,7;0;0;0;1;0;1;0;0;1990;8
2050_old;Shunt;EUR;unclear;0;999999;inf;0;0;0;0;0;0,07;1;999;;;0;1;0;1;0;1;1;1;1;1;0;1;1;0;1;1;0;0;0;1;0;1;0;0;2050;0
2050_old;Slack;EUR;unclear;0;999999;inf;0;0;0;0;0;0,07;1;999;;;0;1;0;1;0;1;1;1;1;1;0;1;1;0;1;1;0;0;0;1;0;1;0;0;2050;0
2050_old;Solar;EUR;unclear;0;inf;inf;0;520000;8840;0;0;0,07;25;25;;;14000;1;0;0;0;1;1;1;1;1;0;1;1;0;1;1;0;0;0;1;0;1;0;0;2009;2
2050_old;Tidal;EUR;unclear;0;0;inf;0;1900000;64600;0;0;0,07;20;20;;;0;1;0;1;0;1;1;1;1;1;0;1;1;0;1;1;0;0;0;1;0;1;0;0;2009;2
2050_old;Waste;EUR;unclear;0;0;1,2;0;4540000;136200;7;0;0,07;25;25;;;0;1;0;1;0;0,05;0,05;1;1;1;0;1;1;0;1;1;0;0;0;1;0;1;0;0;2000;5
2050_old;WindOff;EUR;unclear;0;inf;inf;0;2280000;52440;0;0;0,07;25;25;;;125000;1;0;0;0;1;1;1;1;1;0;1;1;0;1;1;0;0;0;1;0;1;0;0;2009;2
2050_old;WindOn;EUR;unclear;0;inf;inf;0;1100000;18700;0;0;0,07;25;25;;;125000;1;0;0;0;1;1;1;1;1;0;1;1;0;1;1;0;0;0;1;0;1;0;0;2006;3
